Timestamp,CT_R (A),CT_Y (A),CT_B (A)
2025-06-29 00:00:26,0.61,0.16,0.06
2025-06-29 00:01:27,0.62,0.16,0.06
2025-06-29 00:02:27,0.6,0.11,0.06
2025-06-29 00:03:28,0.59,0.12,0.06
2025-06-29 00:04:28,0.58,0.18,0.06
2025-06-29 00:05:29,0.6,0.17,0.06
2025-06-29 00:06:30,0.6,0.23,0.06
2025-06-29 00:07:30,0.61,0.14,0.06
2025-06-29 00:08:31,0.6,0.11,0.06
2025-06-29 00:09:31,0.6,0.12,0.06
2025-06-29 00:10:32,0.6,0.22,0.06
2025-06-29 00:11:32,0.61,0.14,0.06
2025-06-29 00:12:33,0.61,0.12,0.06
2025-06-29 00:13:33,0.59,0.23,0.06
2025-06-29 00:14:34,0.61,0.16,0.06
2025-06-29 00:15:34,0.6,0.12,0.06
2025-06-29 00:16:35,0.6,0.15,0.06
2025-06-29 00:17:35,0.61,0.15,0.06
2025-06-29 00:18:36,0.59,0.25,0.06
2025-06-29 00:19:36,0.61,0.16,0.06
2025-06-29 00:20:37,0.6,0.16,0.06
2025-06-29 00:21:37,0.6,0.14,0.06
2025-06-29 00:22:38,0.61,0.14,0.06
2025-06-29 00:23:38,0.61,0.11,0.06
2025-06-29 00:24:39,0.6,0.18,0.06
2025-06-29 00:25:39,0.61,0.12,0.06
2025-06-29 00:26:40,0.62,0.15,0.06
2025-06-29 00:27:41,0.6,0.13,0.06
2025-06-29 00:28:41,0.6,0.11,0.06
2025-06-29 00:29:42,0.58,0.21,0.06
2025-06-29 00:30:42,0.6,0.14,0.06
2025-06-29 00:31:43,0.6,0.23,0.06
2025-06-29 00:32:43,0.6,0.24,0.06
2025-06-29 00:33:44,0.6,0.24,0.06
2025-06-29 00:34:44,0.6,0.11,0.06
2025-06-29 00:35:45,0.58,0.2,0.06
2025-06-29 00:36:45,0.6,0.12,0.06
2025-06-29 00:37:46,0.61,0.16,0.06
2025-06-29 00:38:46,0.61,0.22,0.06
2025-06-29 00:39:47,0.58,0.2,0.07
2025-06-29 00:40:47,0.58,0.21,0.06
2025-06-29 00:41:48,0.6,0.18,0.06
2025-06-29 00:42:48,0.6,0.13,0.06
2025-06-29 00:43:49,0.61,0.11,0.06
2025-06-29 00:44:49,0.58,0.19,0.06
2025-06-29 00:45:50,0.61,0.12,0.06
2025-06-29 00:46:42,0.61,0.11,0.06
2025-06-29 00:47:43,0.61,0.21,0.06
2025-06-29 00:48:43,0.59,0.22,0.06
2025-06-29 00:49:44,0.62,0.16,0.06
2025-06-29 00:50:44,0.59,0.21,0.06
2025-06-29 00:51:45,0.6,0.12,0.06
2025-06-29 00:52:45,0.61,0.22,0.06
2025-06-29 00:53:46,0.6,0.24,0.06
2025-06-29 00:54:46,0.61,0.12,0.06
2025-06-29 00:55:47,0.61,0.13,0.06
2025-06-29 00:56:47,0.6,0.24,0.06
2025-06-29 00:57:48,0.62,0.16,0.06
2025-06-29 00:58:49,0.61,0.12,0.06
2025-06-29 00:59:49,0.6,0.19,0.06
2025-06-29 01:00:50,0.61,0.12,0.06
2025-06-29 01:01:50,0.61,0.11,0.06
2025-06-29 01:02:51,0.61,0.23,0.06
2025-06-29 01:03:51,0.59,0.19,0.06
2025-06-29 01:04:52,0.58,0.2,0.06
2025-06-29 01:05:52,0.61,0.16,0.06
2025-06-29 01:06:53,0.61,0.24,0.06
2025-06-29 01:07:53,0.61,0.16,0.06
2025-06-29 01:08:54,0.62,0.16,0.06
2025-06-29 01:09:54,0.6,0.19,0.06
2025-06-29 01:10:55,0.61,0.12,0.06
2025-06-29 01:11:55,0.61,0.16,0.06
2025-06-29 01:12:56,0.61,0.16,0.06
2025-06-29 01:13:56,0.59,0.21,0.06
2025-06-29 01:14:57,0.62,0.16,0.06
2025-06-29 01:15:57,0.62,0.17,0.06
2025-06-29 01:16:58,0.59,0.2,0.06
2025-06-29 01:17:58,0.61,0.12,0.06
2025-06-29 01:18:59,0.61,0.22,0.06
2025-06-29 01:19:59,0.58,0.18,0.06
2025-06-29 01:21:00,0.62,0.16,0.06
2025-06-29 01:22:01,0.61,0.12,0.06
2025-06-29 01:23:01,0.61,0.12,0.06
2025-06-29 01:24:02,0.61,0.13,0.06
2025-06-29 01:25:02,0.61,0.14,0.06
2025-06-29 01:26:03,0.61,0.14,0.06
2025-06-29 01:27:03,0.61,0.16,0.06
2025-06-29 01:28:04,0.59,0.21,0.06
2025-06-29 01:29:04,0.61,0.12,0.06
2025-06-29 01:30:05,0.6,0.12,0.06
2025-06-29 01:31:05,0.62,0.15,0.07
2025-06-29 01:32:06,0.59,0.18,0.06
2025-06-29 01:33:06,0.59,0.21,0.06
2025-06-29 01:34:07,0.61,0.24,0.06
2025-06-29 01:35:07,0.6,0.22,0.06
2025-06-29 01:36:08,0.61,0.12,0.06
2025-06-29 01:37:08,0.6,0.15,0.06
2025-06-29 01:38:09,0.62,0.15,0.06
2025-06-29 01:39:09,0.61,0.12,0.06
2025-06-29 01:40:10,0.62,0.18,0.06
2025-06-29 01:41:10,0.62,0.12,0.06
2025-06-29 01:42:11,0.6,0.21,0.07
2025-06-29 01:43:11,0.59,0.21,0.06
2025-06-29 01:44:12,0.59,0.2,0.07
2025-06-29 01:45:13,0.61,0.18,0.06
2025-06-29 01:46:13,0.61,0.12,0.06
2025-06-29 01:47:06,0.61,0.16,0.06
2025-06-29 01:48:06,0.6,0.15,0.06
2025-06-29 01:49:07,0.61,0.15,0.06
2025-06-29 01:50:07,0.6,0.21,0.07
2025-06-29 01:51:08,0.63,0.17,0.06
2025-06-29 01:52:08,0.62,0.13,0.06
2025-06-29 01:53:09,0.59,0.21,0.06
2025-06-29 01:54:09,0.58,0.2,0.06
2025-06-29 01:55:10,0.58,0.18,0.06
2025-06-29 01:56:10,0.6,0.12,0.06
2025-06-29 01:57:11,0.61,0.12,0.06
2025-06-29 01:58:11,0.59,0.21,0.07
2025-06-29 01:59:12,0.61,0.19,0.06
2025-06-29 02:00:12,0.61,0.12,0.06
2025-06-29 02:01:13,0.62,0.15,0.06
2025-06-29 02:02:13,0.62,0.16,0.06
2025-06-29 02:03:14,0.61,0.23,0.06
2025-06-29 02:04:14,0.59,0.19,0.06
2025-06-29 02:05:15,0.62,0.17,0.06
2025-06-29 02:06:15,0.62,0.18,0.06
2025-06-29 02:07:16,0.62,0.16,0.06
2025-06-29 02:08:16,0.61,0.13,0.06
2025-06-29 02:09:17,0.63,0.16,0.06
2025-06-29 02:10:17,0.59,0.2,0.06
2025-06-29 02:11:18,0.6,0.21,0.06
2025-06-29 02:12:19,0.58,0.18,0.06
2025-06-29 02:13:19,0.61,0.12,0.06
2025-06-29 02:14:20,0.62,0.16,0.06
2025-06-29 02:15:20,0.62,0.12,0.06
2025-06-29 02:16:21,0.61,0.15,0.06
2025-06-29 02:17:21,0.59,0.2,0.07
2025-06-29 02:18:22,0.61,0.12,0.06
2025-06-29 02:19:22,0.62,0.16,0.06
2025-06-29 02:20:23,0.59,0.21,0.06
2025-06-29 02:21:23,0.6,0.21,0.07
2025-06-29 02:22:24,0.62,0.12,0.06
2025-06-29 02:23:24,0.61,0.12,0.06
2025-06-29 02:24:25,0.59,0.18,0.06
2025-06-29 02:25:25,0.62,0.12,0.06
2025-06-29 02:26:26,0.61,0.16,0.06
2025-06-29 02:27:26,0.6,0.19,0.06
2025-06-29 02:28:27,0.62,0.12,0.06
2025-06-29 02:29:27,0.6,0.18,0.06
2025-06-29 02:30:28,0.62,0.12,0.06
2025-06-29 02:31:28,0.62,0.12,0.06
2025-06-29 02:32:29,0.62,0.16,0.06
2025-06-29 02:33:29,0.62,0.24,0.06
2025-06-29 02:34:30,0.61,0.12,0.06
2025-06-29 02:35:31,0.62,0.12,0.06
2025-06-29 02:36:31,0.6,0.18,0.06
2025-06-29 02:37:32,0.62,0.13,0.06
2025-06-29 02:38:32,0.6,0.19,0.06
2025-06-29 02:39:33,0.61,0.21,0.07
2025-06-29 02:40:33,0.6,0.2,0.06
2025-06-29 02:41:34,0.61,0.18,0.06
2025-06-29 02:42:34,0.62,0.12,0.06
2025-06-29 02:43:35,0.64,0.17,0.06
2025-06-29 02:44:35,0.62,0.17,0.06
2025-06-29 02:45:36,0.62,0.17,0.06
2025-06-29 02:46:28,0.6,0.21,0.07
2025-06-29 02:47:28,0.63,0.16,0.06
2025-06-29 02:48:29,0.61,0.13,0.06
2025-06-29 02:49:29,0.59,0.19,0.06
2025-06-29 02:50:30,0.59,0.2,0.06
2025-06-29 02:51:30,0.62,0.17,0.06
2025-06-29 02:52:31,0.62,0.17,0.06
2025-06-29 02:53:31,0.61,0.13,0.06
2025-06-29 02:54:32,0.63,0.17,0.06
2025-06-29 02:55:33,0.61,0.12,0.06
2025-06-29 02:56:33,0.6,0.19,0.06
2025-06-29 02:57:34,0.63,0.16,0.06
2025-06-29 02:58:34,0.62,0.13,0.06
2025-06-29 02:59:35,0.61,0.2,0.06
2025-06-29 03:00:35,0.63,0.17,0.06
2025-06-29 03:01:36,0.63,0.17,0.06
2025-06-29 03:02:36,0.64,0.17,0.06
2025-06-29 03:03:37,0.62,0.14,0.06
2025-06-29 03:04:37,0.62,0.23,0.06
2025-06-29 03:05:38,0.6,0.19,0.06
2025-06-29 03:06:38,0.61,0.24,0.06
2025-06-29 03:07:39,0.6,0.2,0.06
2025-06-29 03:08:39,0.59,0.16,0.06
2025-06-29 03:09:40,0.64,0.16,0.06
2025-06-29 03:10:40,0.62,0.12,0.06
2025-06-29 03:11:41,0.63,0.12,0.06
2025-06-29 03:12:41,0.62,0.12,0.06
2025-06-29 03:13:42,0.6,0.2,0.06
2025-06-29 03:14:42,0.59,0.21,0.06
2025-06-29 03:15:43,0.61,0.23,0.06
2025-06-29 03:16:43,0.62,0.12,0.06
2025-06-29 03:17:44,0.62,0.12,0.06
2025-06-29 03:18:45,0.62,0.15,0.06
2025-06-29 03:19:45,0.6,0.18,0.06
2025-06-29 03:20:46,0.63,0.17,0.06
2025-06-29 03:21:46,0.61,0.13,0.06
2025-06-29 03:22:47,0.62,0.12,0.06
2025-06-29 03:23:47,0.6,0.21,0.07
2025-06-29 03:24:48,0.63,0.17,0.06
2025-06-29 03:25:48,0.62,0.12,0.06
2025-06-29 03:26:49,0.62,0.12,0.06
2025-06-29 03:27:49,0.62,0.21,0.06
2025-06-29 03:28:50,0.63,0.16,0.06
2025-06-29 03:29:50,0.59,0.18,0.06
2025-06-29 03:30:51,0.62,0.12,0.06
2025-06-29 03:31:51,0.61,0.16,0.06
2025-06-29 03:32:52,0.62,0.12,0.06
2025-06-29 03:33:52,0.62,0.18,0.06
2025-06-29 03:34:53,0.62,0.14,0.06
2025-06-29 03:35:53,0.63,0.12,0.06
2025-06-29 03:36:54,0.63,0.17,0.06
2025-06-29 03:37:54,0.61,0.19,0.07
2025-06-29 03:38:55,0.6,0.21,0.06
2025-06-29 03:39:55,0.63,0.12,0.06
2025-06-29 03:40:56,0.64,0.16,0.06
2025-06-29 03:41:57,0.64,0.16,0.06
2025-06-29 03:42:57,0.63,0.12,0.06
2025-06-29 03:43:58,0.6,0.2,0.07
2025-06-29 03:44:58,0.62,0.24,0.06
2025-06-29 03:45:59,0.62,0.12,0.06
2025-06-29 03:46:51,0.62,0.13,0.06
2025-06-29 03:47:51,0.62,0.24,0.06
2025-06-29 03:48:52,0.62,0.12,0.06
2025-06-29 03:49:52,0.62,0.24,0.06
2025-06-29 03:50:53,0.64,0.16,0.06
2025-06-29 03:51:53,0.62,0.12,0.06
2025-06-29 03:52:54,0.62,0.12,0.06
2025-06-29 03:53:54,0.63,0.18,0.06
2025-06-29 03:54:55,0.63,0.12,0.06
2025-06-29 03:55:55,0.63,0.12,0.06
2025-06-29 03:56:56,0.6,0.19,0.06
2025-06-29 03:57:57,0.62,0.16,0.06
2025-06-29 03:58:57,0.63,0.22,0.06
2025-06-29 03:59:58,0.6,0.19,0.07
2025-06-29 04:00:58,0.63,0.13,0.06
2025-06-29 04:01:59,0.64,0.16,0.06
2025-06-29 04:02:59,0.6,0.21,0.07
2025-06-29 04:04:00,0.62,0.15,0.06
2025-06-29 04:05:00,0.63,0.18,0.06
2025-06-29 04:06:01,0.61,0.13,0.06
2025-06-29 04:07:01,0.62,0.19,0.06
2025-06-29 04:08:02,0.62,0.12,0.06
2025-06-29 04:09:02,0.62,0.13,0.06
2025-06-29 04:10:03,0.61,0.21,0.07
2025-06-29 04:11:03,0.61,0.13,0.06
2025-06-29 04:12:04,0.61,0.14,0.06
2025-06-29 04:13:04,0.63,0.21,0.06
2025-06-29 04:14:05,0.63,0.18,0.06
2025-06-29 04:15:05,0.62,0.15,0.06
2025-06-29 04:16:06,0.6,0.19,0.07
2025-06-29 04:17:06,0.61,0.14,0.06
2025-06-29 04:18:07,0.62,0.16,0.06
2025-06-29 04:19:07,0.64,0.16,0.06
2025-06-29 04:20:08,0.62,0.13,0.06
2025-06-29 04:21:09,0.59,0.13,0.06
2025-06-29 04:22:09,0.6,0.23,0.06
2025-06-29 04:23:10,0.61,0.18,0.06
2025-06-29 04:24:10,0.6,0.22,0.07
2025-06-29 04:25:11,0.61,0.12,0.06
2025-06-29 04:26:11,0.59,0.19,0.07
2025-06-29 04:27:12,0.61,0.12,0.06
2025-06-29 04:28:12,0.6,0.14,0.06
2025-06-29 04:29:13,0.59,0.2,0.07
2025-06-29 04:30:13,0.59,0.2,0.07
2025-06-29 04:31:14,0.61,0.12,0.06
2025-06-29 04:32:14,0.59,0.19,0.06
2025-06-29 04:33:15,0.61,0.17,0.06
2025-06-29 04:34:15,0.62,0.17,0.07
2025-06-29 04:35:16,0.6,0.12,0.06
2025-06-29 04:36:16,0.61,0.17,0.06
2025-06-29 04:37:17,0.61,0.17,0.06
2025-06-29 04:38:17,0.62,0.16,0.06
2025-06-29 04:39:18,0.62,0.16,0.06
2025-06-29 04:40:18,0.61,0.12,0.06
2025-06-29 04:41:19,0.6,0.13,0.06
2025-06-29 04:42:19,0.6,0.23,0.06
2025-06-29 04:43:20,0.6,0.23,0.06
2025-06-29 04:44:21,0.6,0.13,0.06
2025-06-29 04:45:21,0.61,0.12,0.06
2025-06-29 04:46:22,0.62,0.17,0.06
2025-06-29 04:47:14,0.62,0.16,0.06
2025-06-29 04:48:14,0.61,0.23,0.06
2025-06-29 04:49:15,0.6,0.12,0.06
2025-06-29 04:50:15,0.6,0.22,0.06
2025-06-29 04:51:16,0.61,0.12,0.06
2025-06-29 04:52:16,0.61,0.12,0.06
2025-06-29 04:53:17,0.59,0.2,0.06
2025-06-29 04:54:18,0.61,0.12,0.06
2025-06-29 04:55:18,0.61,0.17,0.06
2025-06-29 04:56:19,0.61,0.12,0.06
2025-06-29 04:57:19,0.6,0.19,0.07
2025-06-29 04:58:20,0.58,0.17,0.07
2025-06-29 04:59:20,0.6,0.24,0.06
2025-06-29 05:00:21,0.61,0.18,0.06
2025-06-29 05:01:21,0.6,0.22,0.06
2025-06-29 05:02:22,0.59,0.2,0.07
2025-06-29 05:03:22,0.59,0.18,0.06
2025-06-29 05:04:23,0.59,0.18,0.06
2025-06-29 05:05:23,0.61,0.18,0.06
2025-06-29 05:06:24,0.59,0.19,0.06
2025-06-29 05:07:24,0.6,0.19,0.06
2025-06-29 05:08:25,0.61,0.12,0.06
2025-06-29 05:09:25,0.61,0.17,0.06
2025-06-29 05:10:26,0.59,0.22,0.06
2025-06-29 05:11:26,0.61,0.12,0.06
2025-06-29 05:12:27,0.59,0.19,0.06
2025-06-29 05:13:27,0.6,0.12,0.06
2025-06-29 05:14:28,0.6,0.24,0.06
2025-06-29 05:15:28,0.61,0.12,0.06
2025-06-29 05:16:29,0.61,0.17,0.06
2025-06-29 05:17:30,0.59,0.19,0.07
2025-06-29 05:18:30,0.6,0.22,0.06
2025-06-29 05:19:31,0.6,0.13,0.06
2025-06-29 05:20:31,0.62,0.16,0.06
2025-06-29 05:21:32,0.59,0.18,0.06
2025-06-29 05:22:32,0.62,0.16,0.06
2025-06-29 05:23:33,0.59,0.19,0.06
2025-06-29 05:24:33,0.63,0.16,0.06
2025-06-29 05:25:34,0.61,0.17,0.06
2025-06-29 05:26:34,0.58,0.19,0.06
2025-06-29 05:27:35,0.61,0.17,0.06
2025-06-29 05:28:35,0.61,0.15,0.06
2025-06-29 05:29:36,0.6,0.19,0.06
2025-06-29 05:30:36,0.6,0.12,0.06
2025-06-29 05:31:37,0.61,0.15,0.06
2025-06-29 05:32:37,0.61,0.12,0.06
2025-06-29 05:33:38,0.6,0.15,0.06
2025-06-29 05:34:38,0.61,0.17,0.06
2025-06-29 05:35:39,0.63,0.17,0.06
2025-06-29 05:36:39,0.58,0.2,0.06
2025-06-29 05:37:40,0.6,0.13,0.06
2025-06-29 05:38:40,0.62,0.17,0.06
2025-06-29 05:39:41,0.61,0.12,0.06
2025-06-29 05:40:42,0.61,0.17,0.06
2025-06-29 05:41:42,0.61,0.22,0.06
2025-06-29 05:42:43,0.63,0.16,0.06
2025-06-29 05:43:43,0.61,0.12,0.06
2025-06-29 05:44:44,0.58,0.19,0.06
2025-06-29 05:45:44,0.6,0.14,0.06
2025-06-29 05:46:36,0.61,0.12,0.06
2025-06-29 05:47:37,0.61,0.12,0.06
2025-06-29 05:48:37,0.59,0.19,0.06
2025-06-29 05:49:38,0.62,0.16,0.06
2025-06-29 05:50:38,0.59,0.22,0.06
2025-06-29 05:51:39,0.62,0.16,0.06
2025-06-29 05:52:39,0.61,0.15,0.06
2025-06-29 05:53:40,0.59,0.2,0.06
2025-06-29 05:54:40,0.59,0.2,0.06
2025-06-29 05:55:41,0.62,0.16,0.06
2025-06-29 05:56:41,0.59,0.19,0.06
2025-06-29 05:57:42,0.6,0.13,0.06
2025-06-29 05:58:42,0.58,0.2,0.06
2025-06-29 05:59:43,0.6,0.2,0.06
2025-06-29 06:00:43,0.61,0.12,0.06
2025-06-29 06:01:44,0.61,0.12,0.06
2025-06-29 06:02:44,0.62,0.16,0.06
2025-06-29 06:03:45,0.6,0.12,0.06
2025-06-29 06:04:46,0.62,0.12,0.06
2025-06-29 06:05:46,0.62,0.16,0.06
2025-06-29 06:06:47,0.59,0.21,0.06
2025-06-29 06:07:47,0.61,0.23,0.06
2025-06-29 06:08:48,0.58,0.2,0.06
2025-06-29 06:09:48,0.61,0.17,0.06
2025-06-29 06:10:49,0.6,0.2,0.06
2025-06-29 06:11:49,0.59,0.13,0.06
2025-06-29 06:12:50,0.62,0.15,0.06
2025-06-29 06:13:50,0.6,0.11,0.06
2025-06-29 06:14:51,0.6,0.18,0.06
2025-06-29 06:15:51,0.6,0.14,0.06
2025-06-29 06:16:52,0.61,0.22,0.06
2025-06-29 06:17:52,0.6,0.12,0.06
2025-06-29 06:18:53,0.59,0.12,0.06
2025-06-29 06:19:53,0.58,0.18,0.06
2025-06-29 06:20:54,0.61,0.16,0.06
2025-06-29 06:21:54,0.59,0.19,0.06
2025-06-29 06:22:55,0.6,0.21,0.06
2025-06-29 06:23:55,0.61,0.16,0.06
2025-06-29 06:24:56,0.59,0.22,0.06
2025-06-29 06:25:57,0.58,0.21,0.06
2025-06-29 06:26:57,0.6,0.14,0.06
2025-06-29 06:27:58,0.59,0.15,0.06
2025-06-29 06:28:58,0.6,0.16,0.06
2025-06-29 06:29:59,0.6,0.12,0.06
2025-06-29 06:30:59,0.6,0.17,0.06
2025-06-29 06:32:00,0.59,0.12,0.06
2025-06-29 06:33:00,0.59,0.12,0.06
2025-06-29 06:34:01,0.57,0.18,0.06
2025-06-29 06:35:01,0.58,0.19,0.06
2025-06-29 06:36:02,0.58,0.16,0.06
2025-06-29 06:37:02,0.59,0.12,0.06
2025-06-29 06:38:03,0.59,0.12,0.06
2025-06-29 06:39:03,0.58,0.15,0.06
2025-06-29 06:40:04,0.58,0.21,0.06
2025-06-29 06:41:04,0.58,0.12,0.06
2025-06-29 06:42:05,0.59,0.11,0.06
2025-06-29 06:43:05,0.6,0.17,0.06
2025-06-29 06:44:06,0.58,0.16,0.06
2025-06-29 06:45:06,0.57,0.19,0.06
2025-06-29 06:46:07,0.6,0.16,0.06
2025-06-29 06:46:59,0.57,0.19,0.06
2025-06-29 06:48:00,0.57,0.18,0.06
2025-06-29 06:49:00,0.57,0.19,0.06
2025-06-29 06:50:01,0.57,0.19,0.06
2025-06-29 06:51:01,0.58,0.16,0.06
2025-06-29 06:52:02,0.59,0.16,0.06
2025-06-29 06:53:02,0.44,0.19,0.06
2025-06-29 06:54:03,0.43,0.15,0.06
2025-06-29 06:55:03,0.43,0.16,0.06
2025-06-29 06:56:04,0.44,0.2,0.06
2025-06-29 06:57:04,0.45,0.13,0.06
2025-06-29 06:58:05,0.44,0.15,0.06
2025-06-29 06:59:05,0.46,0.09,0.06
2025-06-29 07:00:06,0.43,0.15,0.06
2025-06-29 07:01:06,0.44,0.16,0.06
2025-06-29 07:02:07,0.44,0.17,0.06
2025-06-29 07:03:08,0.46,0.1,0.06
2025-06-29 07:04:08,0.45,0.11,0.06
2025-06-29 07:05:09,0.45,0.12,0.06
2025-06-29 07:06:09,0.44,0.08,0.06
2025-06-29 07:07:10,0.44,0.2,0.06
2025-06-29 07:08:10,0.42,0.13,0.06
2025-06-29 07:09:11,0.43,0.15,0.06
2025-06-29 07:10:11,0.45,0.08,0.06
2025-06-29 07:11:12,0.42,0.14,0.06
2025-06-29 07:12:12,0.44,0.2,0.06
2025-06-29 07:13:13,0.42,0.14,0.06
2025-06-29 07:14:13,0.46,0.09,0.06
2025-06-29 07:15:14,0.44,0.15,0.06
2025-06-29 07:16:14,0.44,0.13,0.06
2025-06-29 07:17:15,0.44,0.16,0.06
2025-06-29 07:18:15,0.44,0.14,0.06
2025-06-29 07:19:16,0.43,0.18,0.06
2025-06-29 07:20:16,0.43,0.17,0.06
2025-06-29 07:21:17,0.43,0.2,0.06
2025-06-29 07:22:17,0.44,0.19,0.06
2025-06-29 07:23:18,0.45,0.1,0.06
2025-06-29 07:24:18,0.44,0.16,0.06
2025-06-29 07:25:19,0.42,0.15,0.06
2025-06-29 07:26:20,0.42,0.15,0.06
2025-06-29 07:27:20,0.42,0.15,0.06
2025-06-29 07:28:21,0.42,0.15,0.06
2025-06-29 07:29:21,0.44,0.13,0.06
2025-06-29 07:30:22,0.43,0.15,0.06
2025-06-29 07:31:22,0.44,0.12,0.06
2025-06-29 07:32:23,0.44,0.15,0.06
2025-06-29 07:33:23,0.45,0.12,0.06
2025-06-29 07:34:24,0.44,0.12,0.06
2025-06-29 07:35:24,0.45,0.11,0.06
2025-06-29 07:36:25,0.45,0.11,0.06
2025-06-29 07:37:25,0.73,0.17,0.06
2025-06-29 07:38:26,0.73,0.17,0.06
2025-06-29 07:39:26,0.7,0.24,0.06
2025-06-29 07:40:27,0.7,0.26,0.06
2025-06-29 07:41:27,0.72,0.15,0.06
2025-06-29 07:42:28,0.72,0.17,0.06
2025-06-29 07:43:28,0.72,0.14,0.06
2025-06-29 07:44:29,0.48,0.16,0.06
2025-06-29 07:45:29,0.48,0.16,0.06
2025-06-29 07:46:21,0.48,0.11,0.06
2025-06-29 07:47:22,0.7,0.23,0.06
2025-06-29 07:48:22,0.7,0.23,0.06
2025-06-29 07:49:23,0.71,0.23,0.06
2025-06-29 07:50:23,0.7,0.22,0.06
2025-06-29 07:51:24,0.69,0.23,0.06
2025-06-29 07:52:24,0.7,0.27,0.06
2025-06-29 07:53:25,0.71,0.19,0.06
2025-06-29 07:54:25,0.71,0.12,0.06
2025-06-29 07:55:26,0.69,0.23,0.06
2025-06-29 07:56:26,0.72,0.17,0.06
2025-06-29 07:57:27,0.71,0.13,0.06
2025-06-29 07:58:27,0.72,0.18,0.06
2025-06-29 07:59:28,0.71,0.15,0.06
2025-06-29 08:00:28,0.71,0.22,0.06
2025-06-29 08:01:29,0.38,0.11,0.06
2025-06-29 08:02:29,0.38,0.13,0.06
2025-06-29 08:03:30,0.38,0.11,0.06
2025-06-29 08:04:30,0.39,0.11,0.06
2025-06-29 08:05:31,0.39,0.1,0.06
2025-06-29 08:06:32,0.38,0.07,0.06
2025-06-29 08:07:32,0.37,0.13,0.06
2025-06-29 08:08:33,0.37,0.13,0.06
2025-06-29 08:09:33,0.36,0.12,0.06
2025-06-29 08:10:34,0.37,0.1,0.06
2025-06-29 08:11:34,0.39,0.1,0.06
2025-06-29 08:12:35,0.37,0.12,0.06
2025-06-29 08:13:35,0.37,0.11,0.06
2025-06-29 08:14:36,0.38,0.12,0.06
2025-06-29 08:15:36,0.37,0.11,0.06
2025-06-29 08:16:37,0.39,0.1,0.06
2025-06-29 08:17:37,0.38,0.08,0.06
2025-06-29 08:18:38,0.39,0.1,0.06
2025-06-29 08:19:38,0.36,0.1,0.06
2025-06-29 08:20:39,0.37,0.1,0.06
2025-06-29 08:21:39,0.37,0.13,0.06
2025-06-29 08:22:40,0.37,0.11,0.06
2025-06-29 08:23:40,0.38,0.07,0.06
2025-06-29 08:24:41,0.37,0.13,0.06
2025-06-29 08:25:41,0.36,0.12,0.06
2025-06-29 08:26:42,0.38,0.11,0.06
2025-06-29 08:27:42,0.37,0.15,0.06
2025-06-29 08:28:43,0.37,0.1,0.06
2025-06-29 08:29:44,0.39,0.1,0.06
2025-06-29 08:30:44,0.38,0.13,0.06
2025-06-29 08:31:45,0.36,0.13,0.06
2025-06-29 08:32:45,0.39,0.1,0.06
2025-06-29 08:33:46,0.39,0.13,0.06
2025-06-29 08:34:46,0.36,0.11,0.06
2025-06-29 08:35:47,0.37,0.1,0.06
2025-06-29 08:36:47,0.38,0.14,0.06
2025-06-29 08:37:48,0.38,0.13,0.06
2025-06-29 08:38:48,0.37,0.15,0.06
2025-06-29 08:39:49,0.37,0.1,0.06
2025-06-29 08:40:49,0.35,0.12,0.06
2025-06-29 08:41:50,0.37,0.13,0.06
2025-06-29 08:42:50,0.38,0.07,0.06
2025-06-29 08:43:51,0.36,0.1,0.06
2025-06-29 08:44:51,0.36,0.12,0.06
2025-06-29 08:45:52,0.36,0.11,0.06
2025-06-29 08:46:44,0.37,0.1,0.06
2025-06-29 08:47:45,0.39,0.09,0.06
2025-06-29 08:48:45,0.36,0.11,0.06
2025-06-29 08:49:46,0.36,0.1,0.06
2025-06-29 08:50:46,0.36,0.13,0.06
2025-06-29 08:51:47,0.36,0.12,0.06
2025-06-29 08:52:47,0.38,0.13,0.06
2025-06-29 08:53:48,0.36,0.12,0.06
2025-06-29 08:54:48,0.36,0.11,0.06
2025-06-29 08:55:49,0.35,0.12,0.06
2025-06-29 08:56:49,0.38,0.09,0.06
2025-06-29 08:57:50,0.37,0.09,0.06
2025-06-29 08:58:50,0.37,0.08,0.06
2025-06-29 08:59:51,0.38,0.11,0.06
2025-06-29 09:00:51,0.35,0.1,0.06
2025-06-29 09:01:52,0.38,0.1,0.06
2025-06-29 09:02:52,0.36,0.12,0.06
2025-06-29 09:03:53,0.35,0.12,0.06
2025-06-29 09:04:53,0.35,0.12,0.06
2025-06-29 09:05:54,0.39,0.1,0.06
2025-06-29 09:06:55,0.37,0.14,0.06
2025-06-29 09:07:55,0.38,0.09,0.06
2025-06-29 09:08:56,0.36,0.12,0.06
2025-06-29 09:09:56,0.37,0.14,0.06
2025-06-29 09:10:57,0.37,0.1,0.06
2025-06-29 09:11:57,0.35,0.12,0.06
2025-06-29 09:12:58,0.36,0.1,0.06
2025-06-29 09:13:58,0.38,0.11,0.06
2025-06-29 09:14:59,0.38,0.1,0.06
2025-06-29 09:15:59,0.37,0.07,0.06
2025-06-29 09:17:00,0.38,0.12,0.06
2025-06-29 09:18:00,0.35,0.1,0.06
2025-06-29 09:19:01,0.35,0.11,0.06
2025-06-29 09:20:01,0.37,0.07,0.06
2025-06-29 09:21:02,0.36,0.12,0.06
2025-06-29 09:22:02,0.37,0.15,0.06
2025-06-29 09:23:03,0.36,0.1,0.06
2025-06-29 09:24:03,0.36,0.15,0.06
2025-06-29 09:25:04,0.36,0.13,0.06
2025-06-29 09:26:04,0.36,0.13,0.06
2025-06-29 09:27:05,0.37,0.09,0.06
2025-06-29 09:28:05,0.37,0.12,0.06
2025-06-29 09:29:06,0.36,0.1,0.06
2025-06-29 09:30:07,0.36,0.09,0.06
2025-06-29 09:31:07,0.36,0.12,0.06
2025-06-29 09:32:08,0.36,0.11,0.06
2025-06-29 09:33:08,0.36,0.14,0.06
2025-06-29 09:34:09,0.38,0.11,0.06
2025-06-29 09:35:09,0.36,0.12,0.06
2025-06-29 09:36:10,0.37,0.09,0.06
2025-06-29 09:37:10,0.36,0.1,0.06
2025-06-29 09:38:11,0.35,0.11,0.06
2025-06-29 09:39:11,0.36,0.12,0.06
2025-06-29 09:40:12,0.36,0.09,0.06
2025-06-29 09:41:12,0.36,0.07,0.06
2025-06-29 09:42:13,0.37,0.14,0.06
2025-06-29 09:43:13,0.37,0.14,0.06
2025-06-29 09:44:14,0.38,0.11,0.06
2025-06-29 09:45:14,0.37,0.12,0.06
2025-06-29 09:46:15,0.37,0.11,0.06
2025-06-29 09:47:07,0.35,0.12,0.06
2025-06-29 09:48:07,0.37,0.1,0.06
2025-06-29 09:49:08,0.36,0.09,0.06
2025-06-29 09:50:08,0.35,0.12,0.06
2025-06-29 09:51:09,0.37,0.07,0.06
2025-06-29 09:52:09,0.37,0.11,0.06
2025-06-29 09:53:10,0.35,0.1,0.06
2025-06-29 09:54:10,0.36,0.09,0.06
2025-06-29 09:55:11,0.35,0.1,0.06
2025-06-29 09:56:11,0.36,0.13,0.06
2025-06-29 09:57:12,0.36,0.07,0.06
2025-06-29 09:58:12,0.35,0.1,0.06
2025-06-29 09:59:13,0.35,0.11,0.06
2025-06-29 10:00:13,0.36,0.09,0.06
2025-06-29 10:01:14,0.36,0.12,0.06
2025-06-29 10:02:15,0.36,0.07,0.06
2025-06-29 10:03:15,0.35,0.13,0.06
2025-06-29 10:04:16,0.35,0.08,0.06
2025-06-29 10:05:16,0.35,0.07,0.06
2025-06-29 10:06:17,0.35,0.12,0.06
2025-06-29 10:07:17,0.36,0.12,0.06
2025-06-29 10:08:18,0.37,0.12,0.06
2025-06-29 10:09:18,0.36,0.08,0.06
2025-06-29 10:10:19,0.36,0.11,0.06
2025-06-29 10:11:19,0.37,0.14,0.06
2025-06-29 10:12:20,0.72,0.29,0.06
2025-06-29 10:13:20,1.13,0.3,0.06
2025-06-29 10:14:21,1.28,0.52,0.06
2025-06-29 10:15:21,1.45,0.16,0.06
2025-06-29 10:16:22,1.44,0.14,0.06
2025-06-29 10:17:22,1.43,0.15,0.06
2025-06-29 10:18:23,1.44,0.16,0.06
2025-06-29 10:19:23,1.43,0.15,0.06
2025-06-29 10:20:24,1.45,0.64,0.06
2025-06-29 10:21:24,1.35,0.53,0.06
2025-06-29 10:22:25,1.43,0.31,0.06
2025-06-29 10:23:25,1.44,0.22,0.06
2025-06-29 10:24:26,1.45,0.1,0.06
2025-06-29 10:25:27,1.43,0.54,0.06
2025-06-29 10:26:27,1.35,0.56,0.06
2025-06-29 10:27:28,1.57,0.2,0.06
2025-06-29 10:28:28,1.55,0.19,0.06
2025-06-29 10:29:29,1.59,0.15,0.06
2025-06-29 10:30:29,1.57,0.41,0.06
2025-06-29 10:31:30,1.59,0.7,0.06
2025-06-29 10:32:30,1.59,0.25,0.06
2025-06-29 10:33:31,1.59,0.18,0.06
2025-06-29 10:34:31,1.59,0.22,0.06
2025-06-29 10:35:32,1.49,0.35,0.06
2025-06-29 10:36:32,1.45,0.45,0.06
2025-06-29 10:37:33,1.55,0.15,0.06
2025-06-29 10:38:33,1.51,0.21,0.06
2025-06-29 10:39:34,1.52,0.16,0.06
2025-06-29 10:40:34,1.41,0.57,0.06
2025-06-29 10:41:35,1.52,0.17,0.06
2025-06-29 10:42:35,1.53,0.2,0.06
2025-06-29 10:43:36,1.51,0.24,0.06
2025-06-29 10:44:36,1.53,0.11,0.06
2025-06-29 10:45:37,1.51,0.17,0.06
2025-06-29 10:46:29,1.42,0.16,0.06
2025-06-29 10:47:30,0.56,0.23,0.06
2025-06-29 10:48:31,0.36,0.12,0.06
2025-06-29 10:49:31,0.34,0.12,0.06
2025-06-29 10:50:32,0.37,0.09,0.06
2025-06-29 10:51:32,0.37,0.09,0.06
2025-06-29 10:52:33,0.36,0.09,0.06
2025-06-29 10:53:33,0.36,0.09,0.06
2025-06-29 10:54:34,0.36,0.07,0.06
2025-06-29 10:55:34,0.36,0.11,0.06
2025-06-29 10:56:35,0.35,0.09,0.06
2025-06-29 10:57:35,0.36,0.15,0.06
2025-06-29 10:58:36,0.34,0.11,0.06
2025-06-29 10:59:36,0.34,0.11,0.06
2025-06-29 11:00:37,0.35,0.1,0.06
2025-06-29 11:01:37,0.34,0.11,0.06
2025-06-29 11:02:38,0.35,0.15,0.06
2025-06-29 11:03:38,0.35,0.13,0.06
2025-06-29 11:04:39,0.34,0.11,0.06
2025-06-29 11:05:39,0.36,0.09,0.06
2025-06-29 11:06:40,0.37,0.11,0.06
2025-06-29 11:07:40,0.36,0.12,0.06
2025-06-29 11:08:41,0.35,0.09,0.06
2025-06-29 11:09:41,0.34,0.12,0.06
2025-06-29 11:10:42,0.37,0.09,0.06
2025-06-29 11:11:43,0.37,0.09,0.06
2025-06-29 11:12:43,0.36,0.09,0.06
2025-06-29 11:13:44,0.37,0.1,0.06
2025-06-29 11:14:44,0.37,0.1,0.06
2025-06-29 11:15:45,0.35,0.1,0.06
2025-06-29 11:16:45,0.36,0.07,0.06
2025-06-29 11:17:46,0.34,0.1,0.06
2025-06-29 11:18:46,0.35,0.15,0.06
2025-06-29 11:19:47,0.35,0.11,0.06
2025-06-29 11:20:47,0.36,0.09,0.06
2025-06-29 11:21:48,0.34,0.11,0.06
2025-06-29 11:22:48,0.34,0.09,0.06
2025-06-29 11:23:49,0.38,0.14,0.06
2025-06-29 11:24:49,0.34,0.12,0.06
2025-06-29 11:25:50,0.36,0.07,0.06
2025-06-29 11:26:50,0.36,0.15,0.06
2025-06-29 11:27:51,0.35,0.1,0.06
2025-06-29 11:28:51,0.36,0.08,0.06
2025-06-29 11:29:52,0.36,0.12,0.06
2025-06-29 11:30:52,0.34,0.12,0.06
2025-06-29 11:31:53,0.35,0.1,0.06
2025-06-29 11:32:53,0.36,0.1,0.06
2025-06-29 11:33:54,0.36,0.12,0.06
2025-06-29 11:34:55,0.36,0.07,0.06
2025-06-29 11:35:55,0.36,0.11,0.06
2025-06-29 11:36:56,0.36,0.12,0.06
2025-06-29 11:37:56,0.35,0.11,0.06
2025-06-29 11:38:57,0.35,0.11,0.06
2025-06-29 11:39:57,0.36,0.09,0.06
2025-06-29 11:40:58,0.34,0.1,0.06
2025-06-29 11:41:58,0.36,0.1,0.06
2025-06-29 11:42:59,0.34,0.1,0.06
2025-06-29 11:43:59,0.36,0.08,0.06
2025-06-29 11:45:00,0.37,0.15,0.06
2025-06-29 11:46:00,0.37,0.1,0.06
2025-06-29 11:46:53,0.37,0.1,0.06
2025-06-29 11:47:53,0.38,0.09,0.06
2025-06-29 11:48:54,0.34,0.12,0.06
2025-06-29 11:49:54,0.38,0.1,0.06
2025-06-29 11:50:55,0.36,0.08,0.06
2025-06-29 11:51:55,0.35,0.12,0.06
2025-06-29 11:52:56,0.37,0.12,0.06
2025-06-29 11:53:56,0.36,0.15,0.06
2025-06-29 11:54:57,0.37,0.1,0.06
2025-06-29 11:55:57,0.36,0.14,0.06
2025-06-29 11:56:58,0.36,0.12,0.06
2025-06-29 11:57:58,0.36,0.12,0.06
2025-06-29 11:58:59,0.37,0.09,0.06
2025-06-29 11:59:59,0.37,0.12,0.06
2025-06-29 12:01:00,0.35,0.13,0.06
2025-06-29 12:02:00,0.36,0.1,0.06
2025-06-29 12:03:01,0.36,0.08,0.06
2025-06-29 12:04:02,0.36,0.14,0.06
2025-06-29 12:05:02,0.35,0.1,0.06
2025-06-29 12:06:03,0.35,0.11,0.06
2025-06-29 12:07:03,0.36,0.1,0.06
2025-06-29 12:08:04,0.35,0.1,0.06
2025-06-29 12:09:04,0.36,0.11,0.06
2025-06-29 12:10:05,0.35,0.1,0.06
2025-06-29 12:11:05,0.38,0.1,0.06
2025-06-29 12:12:06,0.35,0.12,0.06
2025-06-29 12:13:06,0.37,0.1,0.06
2025-06-29 12:14:07,0.37,0.12,0.06
2025-06-29 12:15:07,0.36,0.12,0.06
2025-06-29 12:16:08,0.35,0.12,0.06
2025-06-29 12:17:08,0.35,0.11,0.06
2025-06-29 12:18:09,0.35,0.1,0.06
2025-06-29 12:19:09,0.35,0.07,0.06
2025-06-29 12:20:10,0.36,0.1,0.06
2025-06-29 12:21:10,0.36,0.08,0.06
2025-06-29 12:22:11,0.36,0.12,0.06
2025-06-29 12:23:11,0.36,0.12,0.06
2025-06-29 12:24:12,0.34,0.1,0.06
2025-06-29 12:25:12,0.38,0.1,0.06
2025-06-29 12:26:13,0.36,0.07,0.06
2025-06-29 12:27:14,0.35,0.11,0.06
2025-06-29 12:28:14,0.36,0.08,0.06
2025-06-29 12:29:15,0.36,0.14,0.06
2025-06-29 12:30:15,0.36,0.1,0.06
2025-06-29 12:31:16,0.37,0.13,0.06
2025-06-29 12:32:16,0.37,0.1,0.06
2025-06-29 12:33:17,0.37,0.12,0.06
2025-06-29 12:34:17,0.37,0.09,0.06
2025-06-29 12:35:18,0.38,0.1,0.06
2025-06-29 12:36:18,0.36,0.11,0.06
2025-06-29 12:37:19,0.34,0.12,0.06
2025-06-29 12:38:19,0.34,0.13,0.06
2025-06-29 12:39:20,0.37,0.1,0.06
2025-06-29 12:40:20,0.37,0.1,0.06
2025-06-29 12:41:21,0.35,0.11,0.06
2025-06-29 12:42:21,0.35,0.1,0.06
2025-06-29 12:43:22,0.35,0.1,0.06
2025-06-29 12:44:22,0.35,0.14,0.06
2025-06-29 12:45:23,0.35,0.13,0.06
2025-06-29 12:46:23,0.37,0.1,0.06
2025-06-29 12:47:15,0.36,0.1,0.06
2025-06-29 12:48:16,0.36,0.15,0.06
2025-06-29 12:49:17,0.36,0.13,0.06
2025-06-29 12:50:17,0.36,0.1,0.06
2025-06-29 12:51:18,0.38,0.1,0.06
2025-06-29 12:52:18,0.37,0.08,0.06
2025-06-29 12:53:19,0.38,0.12,0.06
2025-06-29 12:54:19,0.36,0.12,0.06
2025-06-29 12:55:20,0.37,0.09,0.06
2025-06-29 12:56:20,0.36,0.11,0.06
2025-06-29 12:57:21,0.37,0.13,0.06
2025-06-29 12:58:21,0.37,0.09,0.06
2025-06-29 12:59:22,0.36,0.1,0.06
2025-06-29 13:00:22,0.38,0.11,0.06
2025-06-29 13:01:23,0.38,0.13,0.06
2025-06-29 13:02:23,0.39,0.11,0.06
2025-06-29 13:03:24,0.38,0.12,0.06
2025-06-29 13:04:24,0.36,0.11,0.06
2025-06-29 13:05:25,0.38,0.08,0.06
2025-06-29 13:06:25,0.38,0.08,0.06
2025-06-29 13:07:26,0.38,0.13,0.06
2025-06-29 13:08:26,0.37,0.15,0.06
2025-06-29 13:09:27,0.35,0.1,0.06
2025-06-29 13:10:27,0.36,0.11,0.06
2025-06-29 13:11:28,0.38,0.12,0.06
2025-06-29 13:12:29,0.38,0.08,0.06
2025-06-29 13:13:29,0.37,0.13,0.06
2025-06-29 13:14:30,0.36,0.12,0.06
2025-06-29 13:15:30,0.36,0.11,0.06
2025-06-29 13:16:31,0.39,0.11,0.06
2025-06-29 13:17:31,0.36,0.1,0.06
2025-06-29 13:18:32,0.36,0.12,0.06
2025-06-29 13:19:32,0.36,0.11,0.06
2025-06-29 13:20:33,0.38,0.09,0.06
2025-06-29 13:21:33,0.36,0.12,0.06
2025-06-29 13:22:34,0.38,0.13,0.06
2025-06-29 13:23:34,0.37,0.14,0.06
2025-06-29 13:24:35,0.37,0.11,0.06
2025-06-29 13:25:35,0.37,0.13,0.06
2025-06-29 13:26:36,0.37,0.1,0.06
2025-06-29 13:27:36,0.36,0.12,0.06
2025-06-29 13:28:37,0.37,0.14,0.06
2025-06-29 13:29:37,0.39,0.1,0.06
2025-06-29 13:30:38,0.37,0.09,0.06
2025-06-29 13:31:38,0.36,0.12,0.06
2025-06-29 13:32:39,0.36,0.1,0.06
2025-06-29 13:33:39,0.36,0.11,0.06
2025-06-29 13:34:40,0.39,0.07,0.06
2025-06-29 13:35:41,0.37,0.14,0.06
2025-06-29 13:36:41,0.36,0.09,0.06
2025-06-29 13:37:42,0.37,0.11,0.06
2025-06-29 13:38:42,0.37,0.13,0.06
2025-06-29 13:39:43,0.36,0.11,0.06
2025-06-29 13:40:43,0.38,0.08,0.06
2025-06-29 13:41:44,0.38,0.08,0.06
2025-06-29 13:42:44,0.37,0.15,0.06
2025-06-29 13:43:45,0.37,0.13,0.06
2025-06-29 13:44:45,0.38,0.14,0.06
2025-06-29 13:45:46,0.38,0.11,0.06
2025-06-29 13:46:38,0.37,0.09,0.06
2025-06-29 13:47:39,0.36,0.1,0.06
2025-06-29 13:48:39,0.35,0.11,0.06
2025-06-29 13:49:40,0.36,0.09,0.06
2025-06-29 13:50:40,0.37,0.09,0.06
2025-06-29 13:51:41,0.35,0.11,0.06
2025-06-29 13:52:41,0.35,0.1,0.06
2025-06-29 13:53:42,0.37,0.14,0.06
2025-06-29 13:54:42,0.37,0.1,0.06
2025-06-29 13:55:43,0.35,0.11,0.06
2025-06-29 13:56:43,0.36,0.1,0.06
2025-06-29 13:57:44,0.37,0.07,0.06
2025-06-29 13:58:45,0.37,0.12,0.06
2025-06-29 13:59:45,0.36,0.11,0.06
2025-06-29 14:00:46,0.36,0.11,0.06
2025-06-29 14:01:46,0.37,0.13,0.06
2025-06-29 14:02:47,0.36,0.13,0.06
2025-06-29 14:03:47,0.35,0.1,0.06
2025-06-29 14:04:48,0.38,0.1,0.06
2025-06-29 14:05:48,0.36,0.12,0.06
2025-06-29 14:06:49,0.37,0.12,0.06
2025-06-29 14:07:49,0.37,0.15,0.06
2025-06-29 14:08:50,0.36,0.11,0.06
2025-06-29 14:09:50,0.36,0.1,0.06
2025-06-29 14:10:51,0.35,0.13,0.06
2025-06-29 14:11:51,0.36,0.09,0.06
2025-06-29 14:12:52,0.36,0.08,0.06
2025-06-29 14:13:52,0.35,0.12,0.06
2025-06-29 14:14:53,0.35,0.11,0.06
2025-06-29 14:15:53,0.35,0.12,0.06
2025-06-29 14:16:54,0.35,0.12,0.06
2025-06-29 14:17:54,0.37,0.1,0.06
2025-06-29 14:18:55,0.36,0.15,0.06
2025-06-29 14:19:55,0.36,0.07,0.06
2025-06-29 14:20:56,0.36,0.07,0.06
2025-06-29 14:21:57,0.37,0.07,0.06
2025-06-29 14:22:57,0.37,0.1,0.06
2025-06-29 14:23:58,0.38,0.1,0.06
2025-06-29 14:24:58,0.38,0.11,0.06
2025-06-29 14:25:59,0.37,0.1,0.06
2025-06-29 14:26:59,0.35,0.12,0.06
2025-06-29 14:28:00,0.35,0.1,0.06
2025-06-29 14:29:00,0.36,0.12,0.06
2025-06-29 14:30:01,0.36,0.12,0.06
2025-06-29 14:31:01,0.35,0.11,0.06
2025-06-29 14:32:02,0.36,0.12,0.06
2025-06-29 14:33:02,0.35,0.13,0.06
2025-06-29 14:34:03,0.36,0.1,0.06
2025-06-29 14:35:03,0.36,0.11,0.06
2025-06-29 14:36:04,0.36,0.14,0.06
2025-06-29 14:37:04,0.37,0.09,0.06
2025-06-29 14:38:05,0.37,0.09,0.06
2025-06-29 14:39:05,0.35,0.11,0.06
2025-06-29 14:40:06,0.36,0.1,0.06
2025-06-29 14:41:06,0.38,0.09,0.06
2025-06-29 14:42:07,0.36,0.1,0.06
2025-06-29 14:43:07,0.36,0.09,0.06
2025-06-29 14:44:08,0.36,0.12,0.06
2025-06-29 14:45:09,0.35,0.1,0.06
2025-06-29 14:46:09,0.37,0.1,0.06
2025-06-29 14:47:01,0.37,0.11,0.06
2025-06-29 14:48:02,0.35,0.1,0.06
2025-06-29 14:49:02,0.37,0.09,0.06
2025-06-29 14:50:03,0.35,0.11,0.06
2025-06-29 14:51:03,0.35,0.13,0.06
2025-06-29 14:52:04,0.37,0.1,0.06
2025-06-29 14:53:04,0.37,0.1,0.06
2025-06-29 14:54:05,0.36,0.12,0.06
2025-06-29 14:55:05,0.37,0.1,0.06
2025-06-29 14:56:06,0.36,0.11,0.06
2025-06-29 14:57:06,0.37,0.13,0.06
2025-06-29 14:58:07,0.37,0.07,0.06
2025-06-29 14:59:07,0.35,0.11,0.06
2025-06-29 15:00:08,0.36,0.1,0.06
2025-06-29 15:01:09,0.38,0.1,0.06
2025-06-29 15:02:09,0.37,0.09,0.06
2025-06-29 15:03:10,0.38,0.12,0.06
2025-06-29 15:04:10,0.36,0.12,0.06
2025-06-29 15:05:11,0.38,0.1,0.06
2025-06-29 15:06:11,0.37,0.08,0.06
2025-06-29 15:07:12,0.37,0.07,0.06
2025-06-29 15:08:12,0.36,0.07,0.06
2025-06-29 15:09:13,0.36,0.07,0.06
2025-06-29 15:10:13,0.37,0.1,0.06
2025-06-29 15:11:14,0.36,0.13,0.06
2025-06-29 15:12:14,0.36,0.12,0.06
2025-06-29 15:13:15,0.36,0.11,0.06
2025-06-29 15:14:15,0.37,0.1,0.06
2025-06-29 15:15:16,0.36,0.08,0.06
2025-06-29 15:16:16,0.37,0.13,0.06
2025-06-29 15:17:17,0.36,0.1,0.06
2025-06-29 15:18:17,0.36,0.1,0.06
2025-06-29 15:19:18,0.37,0.1,0.07
2025-06-29 15:20:18,0.36,0.14,0.06
2025-06-29 15:21:19,0.35,0.11,0.06
2025-06-29 15:22:19,0.36,0.12,0.06
2025-06-29 15:23:20,0.36,0.07,0.06
2025-06-29 15:24:21,0.37,0.15,0.06
2025-06-29 15:25:21,0.37,0.07,0.06
2025-06-29 15:26:22,0.35,0.11,0.06
2025-06-29 15:27:22,0.36,0.1,0.06
2025-06-29 15:28:23,0.38,0.09,0.06
2025-06-29 15:29:23,0.39,0.1,0.06
2025-06-29 15:30:24,0.38,0.08,0.06
2025-06-29 15:31:24,0.37,0.1,0.06
2025-06-29 15:32:25,0.36,0.12,0.06
2025-06-29 15:33:25,0.37,0.07,0.06
2025-06-29 15:34:26,0.38,0.12,0.06
2025-06-29 15:35:26,0.36,0.11,0.06
2025-06-29 15:36:27,0.37,0.11,0.06
2025-06-29 15:37:27,0.36,0.1,0.06
2025-06-29 15:38:28,0.37,0.1,0.06
2025-06-29 15:39:28,0.36,0.12,0.06
2025-06-29 15:40:29,0.37,0.12,0.06
2025-06-29 15:41:29,0.37,0.1,0.06
2025-06-29 15:42:30,0.36,0.11,0.06
2025-06-29 15:43:30,0.38,0.12,0.06
2025-06-29 15:44:31,0.38,0.1,0.06
2025-06-29 15:45:31,0.39,0.07,0.06
2025-06-29 15:46:24,0.37,0.12,0.06
2025-06-29 15:47:25,0.37,0.07,0.06
2025-06-29 15:48:25,0.36,0.1,0.06
2025-06-29 15:49:26,0.36,0.11,0.06
2025-06-29 15:50:26,0.38,0.11,0.06
2025-06-29 15:51:27,0.36,0.1,0.06
2025-06-29 15:52:27,0.36,0.12,0.06
2025-06-29 15:53:28,0.36,0.11,0.06
2025-06-29 15:54:28,0.38,0.11,0.06
2025-06-29 15:55:29,0.38,0.1,0.06
2025-06-29 15:56:29,0.38,0.12,0.06
2025-06-29 15:57:30,0.38,0.11,0.06
2025-06-29 15:58:30,0.37,0.07,0.06
2025-06-29 15:59:31,0.35,0.12,0.06
2025-06-29 16:00:31,0.37,0.1,0.06
2025-06-29 16:01:32,0.37,0.07,0.06
2025-06-29 16:02:32,0.37,0.07,0.06
2025-06-29 16:03:33,0.35,0.12,0.06
2025-06-29 16:04:33,0.38,0.11,0.06
2025-06-29 16:05:34,0.37,0.07,0.06
2025-06-29 16:06:34,0.35,0.11,0.06
2025-06-29 16:07:35,0.36,0.11,0.06
2025-06-29 16:08:36,0.37,0.14,0.06
2025-06-29 16:09:36,0.35,0.11,0.06
2025-06-29 16:10:37,0.36,0.12,0.06
2025-06-29 16:11:37,0.39,0.1,0.06
2025-06-29 16:12:38,0.37,0.13,0.06
2025-06-29 16:13:38,0.35,0.12,0.06
2025-06-29 16:14:39,0.36,0.1,0.06
2025-06-29 16:15:39,0.37,0.07,0.06
2025-06-29 16:16:40,0.37,0.14,0.06
2025-06-29 16:17:40,0.35,0.11,0.06
2025-06-29 16:18:41,0.36,0.1,0.06
2025-06-29 16:19:41,0.36,0.14,0.06
2025-06-29 16:20:42,0.36,0.1,0.06
2025-06-29 16:21:42,0.36,0.11,0.06
2025-06-29 16:22:43,0.36,0.13,0.06
2025-06-29 16:23:43,0.36,0.11,0.06
2025-06-29 16:24:44,0.39,0.1,0.06
2025-06-29 16:25:44,0.38,0.13,0.06
2025-06-29 16:26:45,0.38,0.09,0.06
2025-06-29 16:27:45,0.36,0.1,0.06
2025-06-29 16:28:46,0.36,0.11,0.06
2025-06-29 16:29:46,0.36,0.07,0.06
2025-06-29 16:30:47,0.38,0.11,0.06
2025-06-29 16:31:48,0.35,0.1,0.06
2025-06-29 16:32:48,0.37,0.13,0.06
2025-06-29 16:33:49,0.37,0.07,0.06
2025-06-29 16:34:49,0.37,0.12,0.06
2025-06-29 16:35:50,0.37,0.12,0.06
2025-06-29 16:36:50,0.37,0.1,0.06
2025-06-29 16:37:51,0.36,0.12,0.06
2025-06-29 16:38:51,0.36,0.12,0.06
2025-06-29 16:39:52,0.38,0.1,0.06
2025-06-29 16:40:52,0.37,0.13,0.06
2025-06-29 16:41:53,0.37,0.1,0.06
2025-06-29 16:42:53,0.37,0.1,0.06
2025-06-29 16:43:54,0.36,0.1,0.06
2025-06-29 16:44:54,0.36,0.11,0.06
2025-06-29 16:45:55,0.38,0.1,0.06
2025-06-29 16:46:47,0.37,0.08,0.06
2025-06-29 16:47:48,0.37,0.13,0.06
2025-06-29 16:48:48,0.37,0.11,0.06
2025-06-29 16:49:49,0.36,0.12,0.06
2025-06-29 16:50:49,0.37,0.09,0.06
2025-06-29 16:51:50,0.37,0.09,0.06
2025-06-29 16:52:51,0.36,0.11,0.06
2025-06-29 16:53:51,0.38,0.11,0.06
2025-06-29 16:54:52,0.37,0.14,0.06
2025-06-29 16:55:52,0.38,0.1,0.06
2025-06-29 16:56:53,0.38,0.1,0.06
2025-06-29 16:57:53,0.36,0.11,0.06
2025-06-29 16:58:54,0.36,0.11,0.06
2025-06-29 16:59:54,0.36,0.13,0.07
2025-06-29 17:00:55,0.37,0.1,0.06
2025-06-29 17:01:55,0.38,0.13,0.06
2025-06-29 17:02:56,0.36,0.11,0.06
2025-06-29 17:03:56,0.37,0.09,0.06
2025-06-29 17:04:57,0.37,0.14,0.06
2025-06-29 17:05:57,0.36,0.1,0.06
2025-06-29 17:06:58,0.38,0.1,0.06
2025-06-29 17:07:58,0.37,0.14,0.06
2025-06-29 17:08:59,0.37,0.07,0.06
2025-06-29 17:09:59,0.37,0.09,0.06
2025-06-29 17:11:00,0.37,0.13,0.06
2025-06-29 17:12:00,0.39,0.11,0.06
2025-06-29 17:13:01,0.36,0.12,0.06
2025-06-29 17:14:01,0.37,0.13,0.06
2025-06-29 17:15:02,0.36,0.11,0.06
2025-06-29 17:16:02,0.36,0.12,0.06
2025-06-29 17:17:03,0.36,0.11,0.06
2025-06-29 17:18:04,0.38,0.1,0.06
2025-06-29 17:19:04,0.36,0.13,0.06
2025-06-29 17:20:05,0.39,0.1,0.06
2025-06-29 17:21:05,0.36,0.12,0.06
2025-06-29 17:22:06,0.38,0.09,0.06
2025-06-29 17:23:06,0.37,0.1,0.06
2025-06-29 17:24:07,0.37,0.08,0.06
2025-06-29 17:25:07,0.36,0.12,0.06
2025-06-29 17:26:08,0.36,0.11,0.06
2025-06-29 17:27:08,0.36,0.1,0.06
2025-06-29 17:28:09,0.37,0.1,0.06
2025-06-29 17:29:09,0.38,0.09,0.06
2025-06-29 17:30:10,0.36,0.12,0.06
2025-06-29 17:31:10,0.36,0.12,0.06
2025-06-29 17:32:11,0.36,0.1,0.06
2025-06-29 17:33:11,0.38,0.1,0.06
2025-06-29 17:34:12,0.36,0.09,0.06
2025-06-29 17:35:12,0.37,0.14,0.06
2025-06-29 17:36:13,0.36,0.12,0.06
2025-06-29 17:37:13,0.36,0.11,0.06
2025-06-29 17:38:14,0.38,0.1,0.06
2025-06-29 17:39:14,0.36,0.11,0.06
2025-06-29 17:40:15,0.36,0.11,0.06
2025-06-29 17:41:16,0.35,0.13,0.06
2025-06-29 17:42:16,0.37,0.15,0.06
2025-06-29 17:43:17,0.37,0.12,0.06
2025-06-29 17:44:17,0.38,0.07,0.06
2025-06-29 17:45:18,0.37,0.13,0.06
2025-06-29 17:46:18,0.36,0.1,0.06
2025-06-29 17:47:10,0.36,0.12,0.06
2025-06-29 17:48:11,0.38,0.15,0.06
2025-06-29 17:49:11,0.37,0.15,0.06
2025-06-29 17:50:12,0.39,0.1,0.06
2025-06-29 17:51:12,0.37,0.1,0.06
2025-06-29 17:52:13,0.39,0.1,0.06
2025-06-29 17:53:13,0.36,0.13,0.06
2025-06-29 17:54:14,0.36,0.1,0.06
2025-06-29 17:55:14,0.37,0.11,0.07
2025-06-29 17:56:15,0.36,0.1,0.06
2025-06-29 17:57:15,0.36,0.11,0.06
2025-06-29 17:58:16,0.37,0.09,0.06
2025-06-29 17:59:16,0.38,0.11,0.06
2025-06-29 18:00:17,0.37,0.07,0.06
2025-06-29 18:01:18,0.36,0.13,0.06
2025-06-29 18:02:18,0.37,0.14,0.06
2025-06-29 18:03:19,0.37,0.12,0.06
2025-06-29 18:04:19,0.38,0.1,0.06
2025-06-29 18:05:20,0.38,0.09,0.06
2025-06-29 18:06:20,0.37,0.12,0.06
2025-06-29 18:07:21,0.38,0.08,0.06
2025-06-29 18:08:21,0.36,0.1,0.06
2025-06-29 18:09:22,0.37,0.15,0.06
2025-06-29 18:10:22,0.38,0.13,0.06
2025-06-29 18:11:23,0.37,0.14,0.06
2025-06-29 18:12:23,0.38,0.12,0.06
2025-06-29 18:13:24,0.38,0.08,0.06
2025-06-29 18:14:24,0.37,0.11,0.06
2025-06-29 18:15:25,0.38,0.08,0.06
2025-06-29 18:16:25,0.38,0.11,0.06
2025-06-29 18:17:26,0.36,0.1,0.06
2025-06-29 18:18:26,0.37,0.13,0.06
2025-06-29 18:19:27,0.37,0.09,0.06
2025-06-29 18:20:27,0.38,0.15,0.06
2025-06-29 18:21:28,0.37,0.12,0.06
2025-06-29 18:22:28,0.37,0.11,0.06
2025-06-29 18:23:29,0.38,0.09,0.06
2025-06-29 18:24:30,0.37,0.12,0.06
2025-06-29 18:25:30,0.38,0.11,0.06
2025-06-29 18:26:31,0.35,0.1,0.06
2025-06-29 18:27:31,0.37,0.08,0.06
2025-06-29 18:28:32,0.37,0.13,0.06
2025-06-29 18:29:32,0.36,0.11,0.06
2025-06-29 18:30:33,0.37,0.15,0.06
2025-06-29 18:31:33,0.38,0.1,0.06
2025-06-29 18:32:34,0.36,0.11,0.06
2025-06-29 18:33:34,0.38,0.13,0.06
2025-06-29 18:34:35,0.37,0.12,0.06
2025-06-29 18:35:35,0.38,0.11,0.06
2025-06-29 18:36:36,0.37,0.12,0.06
2025-06-29 18:37:36,0.37,0.11,0.06
2025-06-29 18:38:37,0.37,0.13,0.06
2025-06-29 18:39:37,0.38,0.13,0.06
2025-06-29 18:40:38,0.37,0.12,0.06
2025-06-29 18:41:38,0.38,0.09,0.06
2025-06-29 18:42:39,0.36,0.11,0.06
2025-06-29 18:43:39,0.38,0.1,0.06
2025-06-29 18:44:40,0.38,0.13,0.06
2025-06-29 18:45:40,0.36,0.1,0.06
2025-06-29 18:46:33,0.36,0.1,0.06
2025-06-29 18:47:33,0.36,0.11,0.06
2025-06-29 18:48:34,0.37,0.13,0.06
2025-06-29 18:49:34,0.36,0.12,0.06
2025-06-29 18:50:35,0.37,0.15,0.06
2025-06-29 18:51:35,0.36,0.11,0.06
2025-06-29 18:52:36,0.37,0.1,0.06
2025-06-29 18:53:36,0.37,0.13,0.06
2025-06-29 18:54:37,0.38,0.12,0.06
2025-06-29 18:55:37,0.37,0.09,0.06
2025-06-29 18:56:38,0.38,0.1,0.06
2025-06-29 18:57:38,0.36,0.1,0.06
2025-06-29 18:58:39,0.36,0.1,0.06
2025-06-29 18:59:39,0.39,0.12,0.06
2025-06-29 19:00:40,0.36,0.12,0.06
2025-06-29 19:01:40,0.37,0.11,0.06
2025-06-29 19:02:41,0.37,0.09,0.06
2025-06-29 19:03:41,0.38,0.11,0.06
2025-06-29 19:04:42,0.37,0.08,0.06
2025-06-29 19:05:42,0.38,0.09,0.06
2025-06-29 19:06:43,0.38,0.11,0.06
2025-06-29 19:07:43,0.36,0.11,0.06
2025-06-29 19:08:44,0.39,0.1,0.06
2025-06-29 19:09:45,0.37,0.1,0.06
2025-06-29 19:10:45,0.37,0.13,0.06
2025-06-29 19:11:46,0.38,0.1,0.06
2025-06-29 19:12:46,0.37,0.09,0.06
2025-06-29 19:13:47,0.37,0.14,0.11
2025-06-29 19:14:47,0.36,0.14,0.11
2025-06-29 19:15:48,0.37,0.07,0.11
2025-06-29 19:16:48,0.35,0.11,0.11
2025-06-29 19:17:49,0.38,0.1,0.11
2025-06-29 19:18:49,0.37,0.08,0.11
2025-06-29 19:19:50,0.36,0.13,0.11
2025-06-29 19:20:50,0.36,0.14,0.11
2025-06-29 19:21:51,0.36,0.1,0.11
2025-06-29 19:22:51,0.36,0.1,0.11
2025-06-29 19:23:52,0.36,0.14,0.1
2025-06-29 19:24:52,0.35,0.12,0.11
2025-06-29 19:25:53,0.38,0.11,0.11
2025-06-29 19:26:53,0.38,0.1,0.1
2025-06-29 19:27:54,0.34,0.12,0.11
2025-06-29 19:28:54,0.36,0.14,0.11
2025-06-29 19:29:55,0.37,0.09,0.1
2025-06-29 19:30:55,0.37,0.12,0.11
2025-06-29 19:31:56,0.35,0.1,0.11
2025-06-29 19:32:57,0.37,0.08,0.11
2025-06-29 19:33:57,0.37,0.1,0.1
2025-06-29 19:34:58,0.35,0.12,0.11
2025-06-29 19:35:58,0.36,0.12,0.11
2025-06-29 19:36:59,0.36,0.1,0.1
2025-06-29 19:37:59,0.35,0.12,0.11
2025-06-29 19:39:00,0.36,0.13,0.1
2025-06-29 19:40:00,0.37,0.1,0.1
2025-06-29 19:41:01,0.36,0.12,0.11
2025-06-29 19:42:01,0.35,0.12,0.11
2025-06-29 19:43:02,0.35,0.1,0.11
2025-06-29 19:44:02,0.37,0.11,0.1
2025-06-29 19:45:03,0.36,0.14,0.1
2025-06-29 19:46:03,0.35,0.12,0.1
2025-06-29 19:46:55,0.35,0.1,0.11
2025-06-29 19:47:56,0.36,0.14,0.1
2025-06-29 19:48:56,0.38,0.1,0.1
2025-06-29 19:49:57,0.36,0.09,0.11
2025-06-29 19:50:57,0.37,0.1,0.1
2025-06-29 19:51:58,0.38,0.09,0.1
2025-06-29 19:52:58,0.36,0.13,0.1
2025-06-29 19:53:59,0.37,0.11,0.1
2025-06-29 19:54:59,0.38,0.1,0.1
2025-06-29 19:56:00,0.37,0.12,0.11
2025-06-29 19:57:00,0.36,0.1,0.1
2025-06-29 19:58:01,0.36,0.08,0.11
2025-06-29 19:59:01,0.36,0.12,0.1
2025-06-29 20:00:02,0.36,0.12,0.1
2025-06-29 20:01:02,0.37,0.13,0.1
2025-06-29 20:02:03,0.36,0.1,0.11
2025-06-29 20:03:04,0.37,0.07,0.1
2025-06-29 20:04:04,0.36,0.12,0.11
2025-06-29 20:05:05,0.36,0.1,0.11
2025-06-29 20:06:05,0.39,0.09,0.1
2025-06-29 20:07:06,0.37,0.14,0.1
2025-06-29 20:08:06,0.35,0.11,0.11
2025-06-29 20:09:07,0.36,0.1,0.1
2025-06-29 20:10:07,0.37,0.14,0.1
2025-06-29 20:11:08,0.36,0.11,0.11
2025-06-29 20:12:08,0.36,0.13,0.11
2025-06-29 20:13:09,0.35,0.12,0.1
2025-06-29 20:14:09,0.36,0.09,0.1
2025-06-29 20:15:10,0.36,0.1,0.11
2025-06-29 20:16:10,0.36,0.09,0.11
2025-06-29 20:17:11,0.37,0.12,0.1
2025-06-29 20:18:11,0.37,0.1,0.1
2025-06-29 20:19:12,0.37,0.11,0.1
2025-06-29 20:20:12,0.37,0.12,0.11
2025-06-29 20:21:13,0.38,0.1,0.1
2025-06-29 20:22:13,0.37,0.11,0.1
2025-06-29 20:23:14,0.37,0.12,0.11
2025-06-29 20:24:14,0.34,0.11,0.1
2025-06-29 20:25:15,0.36,0.1,0.1
2025-06-29 20:26:16,0.37,0.1,0.1
2025-06-29 20:27:16,0.36,0.1,0.11
2025-06-29 20:28:17,0.37,0.1,0.1
2025-06-29 20:29:17,0.37,0.1,0.1
2025-06-29 20:30:18,0.37,0.13,0.11
2025-06-29 20:31:18,0.37,0.09,0.1
2025-06-29 20:32:19,0.37,0.09,0.1
2025-06-29 20:33:19,0.36,0.1,0.11
2025-06-29 20:34:20,0.37,0.14,0.1
2025-06-29 20:35:20,0.37,0.13,0.1
2025-06-29 20:36:21,0.37,0.1,0.1
2025-06-29 20:37:21,0.35,0.1,0.1
2025-06-29 20:38:22,0.36,0.09,0.11
2025-06-29 20:39:22,0.36,0.12,0.11
2025-06-29 20:40:23,0.38,0.09,0.1
2025-06-29 20:41:23,0.39,0.12,0.1
2025-06-29 20:42:24,0.37,0.13,0.1
2025-06-29 20:43:24,0.37,0.13,0.11
2025-06-29 20:44:25,0.37,0.11,0.1
2025-06-29 20:45:25,0.37,0.15,0.1
2025-06-29 20:46:18,0.38,0.09,0.1
2025-06-29 20:47:18,0.38,0.12,0.1
2025-06-29 20:48:19,0.38,0.08,0.1
2025-06-29 20:49:19,0.36,0.12,0.1
2025-06-29 20:50:20,0.38,0.13,0.11
2025-06-29 20:51:20,0.37,0.1,0.11
2025-06-29 20:52:21,0.37,0.07,0.11
2025-06-29 20:53:21,0.37,0.07,0.1
2025-06-29 20:54:22,0.36,0.11,0.1
2025-06-29 20:55:22,0.36,0.11,0.1
2025-06-29 20:56:23,0.36,0.1,0.11
2025-06-29 20:57:23,0.37,0.07,0.1
2025-06-29 20:58:24,0.38,0.11,0.1
2025-06-29 20:59:24,0.39,0.1,0.1
2025-06-29 21:00:25,0.35,0.11,0.11
2025-06-29 21:01:25,0.37,0.08,0.11
2025-06-29 21:02:26,0.36,0.11,0.11
2025-06-29 21:03:26,0.37,0.13,0.1
2025-06-29 21:04:27,0.37,0.09,0.11
2025-06-29 21:05:27,0.37,0.08,0.1
2025-06-29 21:06:28,0.39,0.12,0.1
2025-06-29 21:07:29,0.37,0.08,0.11
2025-06-29 21:08:29,0.37,0.12,0.1
2025-06-29 21:09:30,0.37,0.1,0.11
2025-06-29 21:10:30,0.36,0.12,0.11
2025-06-29 21:11:31,0.38,0.11,0.1
2025-06-29 21:12:31,0.36,0.11,0.11
2025-06-29 21:13:32,0.36,0.11,0.1
2025-06-29 21:14:32,0.38,0.09,0.1
2025-06-29 21:15:33,0.38,0.1,0.1
2025-06-29 21:16:33,0.38,0.13,0.1
2025-06-29 21:17:34,0.36,0.11,0.1
2025-06-29 21:18:34,0.37,0.1,0.1
2025-06-29 21:19:35,0.36,0.12,0.1
2025-06-29 21:20:35,0.36,0.11,0.1
2025-06-29 21:21:36,0.38,0.08,0.11
2025-06-29 21:22:36,0.37,0.08,0.1
2025-06-29 21:23:37,0.38,0.12,0.1
2025-06-29 21:24:37,0.38,0.15,0.1
2025-06-29 21:25:38,0.37,0.09,0.11
2025-06-29 21:26:38,0.37,0.11,0.1
2025-06-29 21:27:39,0.36,0.1,0.1
2025-06-29 21:28:39,0.37,0.13,0.11
2025-06-29 21:29:40,0.36,0.09,0.11
2025-06-29 21:30:40,0.37,0.12,0.11
2025-06-29 21:31:41,0.38,0.1,0.1
2025-06-29 21:32:42,0.37,0.1,0.1
2025-06-29 21:33:42,0.38,0.11,0.11
2025-06-29 21:34:43,0.36,0.1,0.1
2025-06-29 21:35:43,0.36,0.12,0.1
2025-06-29 21:36:44,0.37,0.08,0.1
2025-06-29 21:37:44,0.37,0.14,0.1
2025-06-29 21:38:45,0.36,0.1,0.11
2025-06-29 21:39:45,0.36,0.11,0.11
2025-06-29 21:40:46,0.37,0.12,0.1
2025-06-29 21:41:46,0.36,0.12,0.11
2025-06-29 21:42:47,0.36,0.11,0.11
2025-06-29 21:43:47,0.35,0.11,0.11
2025-06-29 21:44:48,0.37,0.09,0.1
2025-06-29 21:45:48,0.39,0.1,0.1
2025-06-29 21:46:40,0.38,0.11,0.1
2025-06-29 21:47:41,0.36,0.1,0.1
2025-06-29 21:48:41,0.37,0.13,0.1
2025-06-29 21:49:42,0.36,0.12,0.11
2025-06-29 21:50:43,0.37,0.15,0.1
2025-06-29 21:51:43,0.36,0.11,0.11
2025-06-29 21:52:44,0.37,0.12,0.1
2025-06-29 21:53:44,0.39,0.1,0.1
2025-06-29 21:54:45,0.36,0.12,0.1
2025-06-29 21:55:45,0.37,0.09,0.1
2025-06-29 21:56:46,0.37,0.1,0.1
2025-06-29 21:57:46,0.36,0.1,0.11
2025-06-29 21:58:47,0.37,0.13,0.11
2025-06-29 21:59:47,0.37,0.13,0.11
2025-06-29 22:00:48,0.36,0.13,0.11
2025-06-29 22:01:48,0.37,0.13,0.1
2025-06-29 22:02:49,0.37,0.1,0.11
2025-06-29 22:03:49,0.37,0.13,0.1
2025-06-29 22:04:50,0.37,0.08,0.1
2025-06-29 22:05:50,0.38,0.13,0.11
2025-06-29 22:06:51,0.37,0.11,0.1
2025-06-29 22:07:51,0.38,0.09,0.1
2025-06-29 22:08:52,0.39,0.09,0.1
2025-06-29 22:09:52,0.36,0.14,0.1
2025-06-29 22:10:53,0.37,0.08,0.11
2025-06-29 22:11:53,0.37,0.09,0.11
2025-06-29 22:12:54,0.38,0.12,0.11
2025-06-29 22:13:54,0.36,0.1,0.1
2025-06-29 22:14:55,0.36,0.12,0.11
2025-06-29 22:15:56,0.37,0.11,0.1
2025-06-29 22:16:56,0.37,0.11,0.11
2025-06-29 22:17:57,0.37,0.13,0.11
2025-06-29 22:18:57,0.37,0.07,0.1
2025-06-29 22:19:58,0.37,0.14,0.1
2025-06-29 22:20:58,0.37,0.1,0.11
2025-06-29 22:21:59,0.39,0.1,0.1
2025-06-29 22:22:59,0.37,0.07,0.1
2025-06-29 22:24:00,0.36,0.11,0.1
2025-06-29 22:25:00,0.36,0.1,0.11
2025-06-29 22:26:01,0.38,0.1,0.1
2025-06-29 22:27:01,0.37,0.11,0.1
2025-06-29 22:28:02,0.36,0.1,0.1
2025-06-29 22:29:02,0.39,0.09,0.1
2025-06-29 22:30:03,0.37,0.07,0.1
2025-06-29 22:31:03,0.37,0.07,0.11
2025-06-29 22:32:04,0.36,0.13,0.1
2025-06-29 22:33:04,0.36,0.1,0.11
2025-06-29 22:34:05,0.37,0.1,0.1
2025-06-29 22:35:05,0.35,0.1,0.1
2025-06-29 22:36:06,0.37,0.07,0.11
2025-06-29 22:37:07,0.37,0.11,0.1
2025-06-29 22:38:07,0.38,0.1,0.11
2025-06-29 22:39:08,0.36,0.11,0.11
2025-06-29 22:40:08,0.36,0.13,0.11
2025-06-29 22:41:09,0.39,0.1,0.1
2025-06-29 22:42:09,0.37,0.07,0.11
2025-06-29 22:43:10,0.38,0.1,0.1
2025-06-29 22:44:10,0.36,0.11,0.11
2025-06-29 22:45:11,0.36,0.1,0.11
2025-06-29 22:46:11,0.39,0.11,0.1
2025-06-29 22:47:04,0.35,0.11,0.1
2025-06-29 22:48:04,0.37,0.13,0.1
2025-06-29 22:49:05,0.37,0.13,0.11
2025-06-29 22:50:05,0.37,0.12,0.1
2025-06-29 22:51:06,0.36,0.11,0.11
2025-06-29 22:52:06,0.37,0.11,0.1
2025-06-29 22:53:07,0.37,0.15,0.1
2025-06-29 22:54:07,0.35,0.12,0.11
2025-06-29 22:55:08,0.39,0.09,0.1
2025-06-29 22:56:08,0.35,0.11,0.1
2025-06-29 22:57:09,0.36,0.11,0.1
2025-06-29 22:58:09,0.38,0.13,0.11
2025-06-29 22:59:10,0.36,0.1,0.11
2025-06-29 23:00:10,0.36,0.12,0.11
2025-06-29 23:01:11,0.37,0.07,0.1
2025-06-29 23:02:11,0.37,0.13,0.1
2025-06-29 23:03:12,0.38,0.1,0.11
2025-06-29 23:04:12,0.36,0.11,0.11
2025-06-29 23:05:13,0.36,0.11,0.11
2025-06-29 23:06:13,0.37,0.08,0.11
2025-06-29 23:07:14,0.37,0.08,0.11
2025-06-29 23:08:14,0.37,0.09,0.11
2025-06-29 23:09:15,0.37,0.09,0.1
2025-06-29 23:10:16,0.36,0.1,0.11
2025-06-29 23:11:16,0.38,0.1,0.11
2025-06-29 23:12:17,0.37,0.14,0.1
2025-06-29 23:13:17,0.38,0.09,0.11
2025-06-29 23:14:18,0.37,0.14,0.1
2025-06-29 23:15:18,0.37,0.09,0.11
2025-06-29 23:16:19,0.37,0.07,0.11
2025-06-29 23:17:19,0.38,0.13,0.11
2025-06-29 23:18:20,0.38,0.09,0.1
2025-06-29 23:19:20,0.37,0.12,0.1
2025-06-29 23:20:21,0.37,0.09,0.1
2025-06-29 23:21:21,0.38,0.1,0.1
2025-06-29 23:22:22,0.37,0.09,0.1
2025-06-29 23:23:22,0.37,0.09,0.11
2025-06-29 23:24:23,0.38,0.08,0.1
2025-06-29 23:25:23,0.38,0.11,0.1
2025-06-29 23:26:24,0.36,0.1,0.11
2025-06-29 23:27:24,0.39,0.09,0.1
2025-06-29 23:28:25,0.39,0.07,0.06
2025-06-29 23:29:25,0.73,0.12,0.06
2025-06-29 23:30:26,0.7,0.25,0.06
2025-06-29 23:31:26,0.59,0.11,0.06
2025-06-29 23:32:27,0.58,0.22,0.06
2025-06-29 23:33:28,0.61,0.11,0.06
2025-06-29 23:34:28,0.58,0.2,0.06
2025-06-29 23:35:29,0.59,0.2,0.06
2025-06-29 23:36:29,0.57,0.18,0.06
2025-06-29 23:37:30,0.59,0.19,0.06
2025-06-29 23:38:30,0.6,0.15,0.06
2025-06-29 23:39:31,0.6,0.15,0.06
2025-06-29 23:40:31,0.57,0.19,0.06
2025-06-29 23:41:32,0.61,0.15,0.06
2025-06-29 23:42:32,0.6,0.12,0.06
2025-06-29 23:43:33,0.6,0.16,0.06
2025-06-29 23:44:33,0.59,0.12,0.06
2025-06-29 23:45:34,0.58,0.12,0.06
2025-06-29 23:46:26,0.59,0.11,0.06
2025-06-29 23:47:27,0.59,0.15,0.06
2025-06-29 23:48:27,0.6,0.14,0.06
2025-06-29 23:49:28,0.57,0.19,0.06
2025-06-29 23:50:28,0.6,0.11,0.06
2025-06-29 23:51:29,0.6,0.15,0.06
2025-06-29 23:52:29,0.62,0.15,0.06
2025-06-29 23:53:30,0.61,0.15,0.06
2025-06-29 23:54:30,0.6,0.23,0.06
2025-06-29 23:55:31,0.58,0.2,0.06
2025-06-29 23:56:31,0.6,0.16,0.06
2025-06-29 23:57:32,0.57,0.2,0.06
2025-06-29 23:58:32,0.57,0.19,0.07